x,expected,actual,error
0.0,100.0,100.02,0.01999999999999602
0.05,95.0,95.0302769632328,0.03027696323279372
0.1,90.0,90.02754486781403,0.027544867814029317
0.15,85.0,85.02680210436635,0.026802104366353774
0.2,80.0,80.0369058077348,0.036905807734797236
0.25,75.0,75.05113811505055,0.05113811505054855
0.3,70.0,70.05297656476057,0.05297656476057
0.35,65.0,65.03182745259465,0.031827452594654915
0.4,60.0,59.99417129215245,-0.005828707847548742
0.45,55.00000000000001,54.95965137259757,-0.04034862740243739
0.5,50.0,49.94537844465307,-0.0546215553469267
0.55,44.99999999999999,44.95250841026528,-0.04749158973471168
0.6,40.0,39.96706884873286,-0.03293115126714241
0.65,35.0,34.973976202843,-0.026023797157002093
0.7,30.000000000000004,29.971171412470543,-0.028828587529460492
0.75,25.0,24.970835466832877,-0.02916453316712264
0.8,19.999999999999996,19.986674270636055,-0.013325729363941718
0.85,15.000000000000002,15.0192024007959,0.019202400795897745
0.9,9.999999999999998,10.052889727357337,0.05288972735733921
0.95,5.000000000000004,5.0681700759653125,0.06817007596530811
1.0,0.0,0.05762955356743693,0.05762955356743693
